{
	"Version": 3,
	"FileReferences": {
		"Moc": "Nahida.moc3",
		"Textures": [
			"Nahida.8192/texture_00.png"
		],
		"Physics": "Nahida.physics3.json",
		"DisplayInfo": "Nahida.cdi3.json",
		"Expressions": [
			{
				"Name": "guang.exp3.json",
				"File": "guang.exp3.json"
			},
			{
				"Name": "hei.exp3.json",
				"File": "hei.exp3.json"
			},
			{
				"Name": "lei.exp3.json",
				"File": "lei.exp3.json"
			},
			{
				"Name": "lh.exp3.json",
				"File": "lh.exp3.json"
			},
			{
				"Name": "sq.exp3.json",
				"File": "sq.exp3.json"
			},
			{
				"Name": "xx.exp3.json",
				"File": "xx.exp3.json"
			},
			{
				"Name": "yz.exp3.json",
				"File": "yz.exp3.json"
			},
			{
				"Name": "zs1.exp3.json",
				"File": "zs1.exp3.json"
			},
			{
				"Name": "zs2.exp3.json",
				"File": "zs2.exp3.json"
			},
			{
				"Name": "zs3.exp3.json",
				"File": "zs3.exp3.json"
			}
		]
	},
	"Groups": [
		{
			"Target": "Parameter",
			"Name": "EyeBlink",
			"Ids": [
				"ParamEyeLOpen",
				"ParamEyeROpen"
			]
		},
		{
			"Target": "Parameter",
			"Name": "LipSync",
			"Ids": [
				"ParamMouthOpenY"
			]
		}
	],
	"HitAreas": []
}